{"train_loss":0.04628754407167435,"_timestamp":1.7571172015023696e+09,"_step":4694,"test_loss":0.10406671142578125,"accuracy":96.77,"_wandb":{"runtime":119},"_runtime":119}