{"_timestamp":1.7571175561689496e+09,"test_loss":0.11803425521850586,"accuracy":96.44,"_wandb":{"runtime":119},"_runtime":119,"_step":4694,"train_loss":0.17942307889461517}