{"_timestamp":1.7571176967566652e+09,"_step":4694,"test_loss":0.13697961540222167,"accuracy":95.91,"_wandb":{"runtime":139},"_runtime":139,"train_loss":0.1413959264755249}