{"accuracy":96.97,"_wandb":{"runtime":126},"_runtime":126,"train_loss":0.018783586099743843,"_timestamp":1.7571161078218596e+09,"_step":4694,"test_loss":0.09103252506256103}